unique_misfit,Count,geoc_address,anon_return,,,,,
DDC,62,17601 MOUND RD,,,,,,
ANTHONY WAYNE DRIVE,2,,ANTHONY WAYNE DRIVE,,,,,
BEAUBIEN,2,,BEAUBIEN,,,,,
CADIEUX,2,,CADIEUX,,,,,
CASS,3,,CASS,,,,,
MOTOR CITY CASINO,24,2901 GRAND RIVER AVE,,,,,,
MGM CASINO,21,1777 3RD AVE,,,,,,
MED CENTER,17,3990 JOHN R ST,,,,,, 
DRH,16,4201 ST ANTOINE ST,,,,,,
RUSSELL FERRY,14,RUSSELL AND FERRY,,,,,,
GREEKTOWN CASINO,14,555 E LAFAYETTE ST,,,,,,
DETROIT DETENTION CENTER,14,17601 MOUND RD,,,,,,
MGM,13,1777 3RD AVE,,,,,,
CITY OF DETROIT,13,,CITY OF DETROIT,,,,,
CONNER,3,,CONNER,,,,,
CULTURAL CENTER,28,,CULTURAL CENTER,,,,,
MEDICAL CENTER,11,3990 JOHN R ST,,,,,,
CULTURE CENTER,2,,CULTURAL CENTER,,,,,
C,11,,,,,,,
CAMPUS MARTIUS,9,800 WOODWARD AVE,,,,,,
#NAME?,8,,,,,,,
DETROIT,2,,DETROIT,,,,,
LYNDON RADIO,7,13331 LYNDON ST,,,,,,
FAIRLANE MALL,7,,,,,,,
ROSA PARKS TRANSIT CENTER,6,1310 CASS AVE,,,,,,
ROSA PARKS TRANSIT,6,1310 CASS AVE,,,,,,
STATION,6,,,,,,,
STATE FAIR GROUNDS,6,1417 W 8 MILE RD,,,,,,
DEXTER,2,,DEXTER,,,,,
E JEFFERSON,4,,E JEFFERSON,,,,,
SOUTHFIELD YARD,5,12255 SOUTHFIELD RD,,,,,,
MOTORCITY CASINO,5,2901 GRAND RIVER AVE,,,,,,
MGM GRAND CASINO,5,1777 3RD AVE,,,,,,
PROVIDENCE HOSPITAL,5,,,,,,,
N,5,,,,,,,
TEST,5,,,,,,,
OAKLAND COUNTY JAIL,5,,,,,,,
EASTERN MARKET,13,,EASTERN MARKET,,,,,
HENRY FORD HOSPITAL,5,2799 W GRAND BLVD,,,,,,
EASTERN MARKET AREA,8,,EASTERN MARKET,,,,,
EASTERN MRKT,2,,EASTERN MARKET,,,,,
ST JOHN HOSPITAL,4,22101 MOROSS RD,,,,,,
SOUTH END,4,,,,,,,
NORTHLAND TRANSIT CENTER,4,,,,,,,
ROSA PARK TRANSIT,4,1310 CASS AVE,,,,,,
MICHIGAN-TRUMBULL,4,MICHIGAN AND TRUMBULL,,,,,,
AMBASSADOR BRIDGE,4,3027 PORTER ST,,,,,,
DAVISON YARD,4,8221 W DAVISON,,,,,,
EVERGREEN,3,,EVERGREEN,,,,,
A,4,,,,,,,
FORT ST,4,,FORT ST,,,,,
STA,3,,,,,,,
NORTHLAND,3,,,,,,,
W CHI - OUTER DR,3,W CHICAGO AND OUTER DR,,,,,,
NORTHLAND MALL,3,,,,,,,
PLYMOUTH,3,,,,,,,
GRAND RIVER,6,,GRAND RIVER,,,,,
STATE FAIR TRANSIT CENTER,3,20160 WOODWARD AVENUE,,,,,,
MACOMB COUNTY JAIL,3,,,,,,,
NORTHLAND BUS TERMINAL,3,,,,,,,
GRANDRIVER,3,,GRAND RIVER,,,,,
GRATIOT,6,,GRATIOT,,,,,
SHOEMAKER TERMINAL,3,5149 ST JEAN ST,,,,,,
AU,3,,,,,,,
GREENFIELD,2,,GREENFIELD RD,,,,,
BEAUMONT: BOTSFORD CAMPUS,3,,,,,,,
ELIZA HOWELL PARK,3,23701 FENKELL AVENUE,,,,,,
COBO HALL,3,1 WASHINGTON BLVD,,,,,,
GREENFIELD RD,2,,GREENFIELD RD,,,,,
BALDUCK PARK,3,5271 CANYON ST,,,,,,
DEARBORN PD,3,,,,,,,
HARPER HOSPITAL,3,3990 JOHN R ST,,,,,,
GULLEN MALL,33,,GULLEN MALL,,,,,
CAMPUS,3,,,,,,,
DOC,3,,,,,,,
INDIAN VILLAGE,11,,INDIAN VILLAGE,,,,,
DETROIT RECEIVING HOSPITAL,3,4201 ST ANTOINE ST,,,,,,
WAYNE COUNTY YOUTH HOME,2,,,,,,,
VERMONT-ELM,2,VERMONT AND ELM,,,,,,
NORTHLAND ROLLER RINK,2,22311 W 8 MILE RD,,,,,,
WOODWARD - BETHUNE ST,2,WOODWARD AVE AND BETHUNE ST,,,,,,
MOTOR CITY,2,,,,,,,
INDIAN VILLAGE AREA,5,,INDIAN VILLAGE,,,,,
STATE FAIR,2,,,,,,,
LAFAYETTE,2,,LAFAYETTE,,,,,
LIVERNOIS,2,,LIVERNOIS,,,,,
MACK,2,,MACK,,,,,
MCNICHOLS,2,,MCNICHOLS,,,,,
MOUND,2,,MOUND,,,,,
MOUNT ELLIOT,3,,MOUNT ELLIOT,,,,,
SHOEMAKER BUS TERMINAL,2,5149 ST JEAN ST,,,,,,
WESTLAND PD,2,,,,,,,
WOODBRIDGE ESTATES,2,1300 MARTIN LUTHER KING JR BL,,,,,,
MOTORCITY,2,,,,,,,
MEIJER,2,,,,,,,
MARINER PARK,2,14674 RIVERSIDE BLVD,,,,,,
SINAI GRACE HOSPITAL,2,6071 OUTER DR W,,,,,,
UNKNOWN,2,,,,,,,
SNG,2,,,,,,,
ROSA PARKS,2,,,,,,,
MICHIGAN STATE FAIR GROUNDS,2,1417 W 8 MILE RD,,,,,,
NAR,2,,,,,,,
SOUTHEND,2,,,,,,,
WALK INTO 2ND PRECINCT,2,,,,,,,
OUTER DRIVE,2,,OUTER DRIVE,,,,,
WAYNE COUNTY JAIL,2,570 CLINTON ST,,,,,,
RIVER BEND PLAZA,2,,,,,,,
ROUGE PARK,5,,ROUGE PARK,,,,,
ST JOHNS HOSPITAL,2,22101 MOROSS RD,,,,,,
ROSA PARKS TRANSIT CTR,2,1310 CASS AVE,,,,,,
RIVERBEND PLAZA,2,,,,,,,
SINAI GRACE HOSP,2,6071 OUTER DR W,,,,,,
ROUGH PARK,2,,ROUGE PARK,,,,,
RUTHERFORD ST,2,,RUTHERFORD ST,,,,,
WS6881,2,,,,,,,
RUSELL FERRY,2,RUSSELL AND FERRY,,,,,,
SA,2,,,,,,,
LAWTON,2,,,,,,,
W CHICAGO,2,,W CHICAGO,,,,,
C ORD,2,,,,,,,
W MCNICHOLS,4,,W MCNICHOLS,,,,,
DETROIT RECIEVING HOSPITAL,2,4201 ST ANTOINE ST,,,,,,
.,2,,,,,,,
BOTSFORD HOSPITAL,2,,,,,,,
DU,2,,,,,,,
W WARREN,3,,W WARREN,,,,,
AWD,2,,,,,,,
HAZEL PARK PD,2,,,,,,,
CHILDRENS HOSP,2,3901 BEAUBIEN ST,,,,,,
JOE LOUIS ARENA,2,19 STEVE YZERMAN DR,,,,,,
ACE OF SPADES,2,19245 W 8 MILE RD,,,,,,
GRACE HOSP,2,6071 OUTER DR W,,,,,,
WARREN,2,,WARREN,,,,,
`,2,,,,,,,
BALLDUCK PARK,2,5271 CANYON ST,,,,,,
WEST GRAND BLVD,2,,WEST GRAND BLVD,,,,,
ELLIS PARK,2,,,,,,,
WOODBRIDGE,58,,WOODBRIDGE,,,,,
WOODWARD,51,,WOODWARD AVE,,,,,
DETROIT RECEIVING HOSP,2,4201 ST ANTOINE ST,,,,,,
FAIRLANE,2,,,,,,,
WOODWARD DETAIL,11,,WOODWARD AVE,,,,,
ADV,2,,,,,,,
DETROIT RECIVING HOSPITAL,2,4201 ST ANTOINE ST,,,,,,
FAIRLANE TRANSIT CENTER,2,,,,,,,
WOODWARD AVE,3,,WOODWARD AVE,,,,,
FERRY PARK - 14TH,2,FERRY PARK AND 14TH ST,,,,,,
WOODWARD CORRIDOR,2,,WOODWARD AVE,,,,,
WOODWARD BEAT,2,,WOODWARD AVE,,,,,
LIVONIA PD,2,,,,,,,
WOODINGHAM DR,1,,,,,,,
VIRGINA PARK,1,,,,,,,
STOEPEL,1,,,,,,,
N I 75 TO GRAND RIVER RAMP,1,,,,,,,
MOTOR CITY CASINO S PARKING,1,,,,,,,
N M 10 TO LINWOOD RAMP,1,,,,,,,
MILLER - CONCORD,1,,,,,,,
MCGRAW,1,,,,,,,
TROY CITY,1,,,,,,,
NB DEXTER,1,,,,,,,
W I 94  RAMP,1,,,,,,,
NB WOODWARD,1,,,,,,,
MARINERS PARK,1,,,,,,,
NEVADA,1,,,,,,,
WOODWARD ST PALMER ST,1,,,,,,,
NO RESPNC FROM SCT,1,,,,,,,
MONARCH E 7 MILE,1,,,,,,,
NORTH TRANSIT CTR,1,,,,,,,
MONTA VISTA,1,,,,,,,
MCNAMARA BUILDING,1,,,,,,,
VAN DYKE,1,,,,,,,
NORTHLAND BUS TERM,1,,,,,,,
W CHICAGO ST,1,,,,,,,
MADISON AVE.,1,,,,,,,
W OUTER DRIVE,1,,,,,,,
NORTHLAND BUS TERMNAL,1,,,,,,,
WARREN WESTWOOD,1,,,,,,,
LYDON RADIO,1,,,,,,,
WESTLA ND PD,1,,,,,,,
NORTHLAND MALL TRANSIT CENTER,1,,,,,,,
WOODWARD - PETERBORO,1,,,,,,,
MED SCHOOL,1,,,,,,,
N I 75 TO 7 MILE RAMP,1,,,,,,,
NORTHLAND SHOPPING CENTER,1,,,,,,,
MLK - I96,1,,,,,,,
NORTHLAND TERMINAL,1,,,,,,,
STATEFAIR GRIUNDS,1,,,,,,,
MAIN CAMPUS,1,,,,,,,
STURDEVANT ST,1,,,,,,,
NSO,1,,,,,,,
TRAINING,1,,,,,,,
NUA,1,,,,,,,
UNION BUSINESS,1,,,,,,,
OAK PARK POLICE DEPT,1,,,,,,,
VANDYKE EB,1,,,,,,,
OAKLAND,1,,,,,,,
W 7MILE,1,,,,,,,
MEHARRIS PK,1,,,,,,,
W GRAND,1,,,,,,,
OAKWOOD HOSP,1,,,,,,,
MACOMB COUNTY SHERRIFFS,1,,,,,,,
OAKWOOD HOSPITAL,1,,,,,,,
W WARREN AVE,1,,,,,,,
OHIO STATELINE,1,,,,,,,
WARREN - MANSFLD,1,,,,,,,
OLD REDFORD MARKET,1,,,,,,,
WATERFORD - ATTEMPT 9300,1,,,,,,,
ON PAPER- INJ-ACC FROM OCT 12TH,1,,,,,,,
WB LIVERNOIS,1,,,,,,,
OUTER DR - EVERGRN,1,,,,,,,
WOODBEND PLAZA,1,,,,,,,
OUTER DR APPOLINE,1,,,,,,,
WOODWARD - ERSKINE,1,,,,,,,
MALL,1,,,,,,,
MUMFORD HS,1,,,,,,,
OUTER TO N I 75,1,,,,,,,
WRAP AROUND,1,,,,,,,
PARKING GARAGE 2ND FLR,1,,,,,,,
MIDLAND ST,1,,,,,,,
PARKISON,1,,,,,,,
ST MARYS - PEMBROKE,1,,,,,,,
PATTON PARK,1,,,,,,,
STANLEY - MISSOURI,1,,,,,,,
PATTON ST,1,,,,,,,
MONROE,1,,,,,,,
PELKY,1,,,,,,,
STEEL JAMES COUZENS,1,,,,,,,
PEMBROKE - MANSFIELD,1,,,,,,,
STRUCTURE 5,1,,,,,,,
PEMBROKE MANSFIELD,1,,,,,,,
TELEGRAPH W JEFFRIES FWY,1,,,,,,,
PIEDMONT,1,,,,,,,
TIGER STADIUM,1,,,,,,,
PINGREE -SECOND,1,,,,,,,
TRANSIT CENTER,1,,,,,,,
PITTSBURG,1,,,,,,,
TYTYRTYRTYYRT,1,,,,,,,
PL 9300 IN CONJ,1,,,,,,,
UNK STREET,1,,,,,,,
PL ATS - PER SCT IN CONJ,1,,,,,,,
VAN DYKE STDARWIN,1,,,,,,,
PL PP,1,,,,,,,
MOROSS-MACK,1,,,,,,,
PL WITH TCRU,1,,,,,,,
W 7 MILE.HARTWELL,1,,,,,,,
METRO AIRPORT,1,,,,,,,
W CHI - W OUTER DR,1,,,,,,,
PLYMOUTH VAUGHN,1,,,,,,,
W FORT,1,,,,,,,
PO BOX 21385,1,,,,,,,
W GRAND ST,1,,,,,,,
POS13,1,,,,,,,
W I 94 TO GRAND RIVER RAMP,1,,,,,,,
PRISONER DETAIL,1,,,,,,,
W MCNICHOLS.WOODWARD,1,,,,,,,
PROVIDENCE HOSP,1,,,,,,,
W SIX MILE OUTER DRIVE,1,,,,,,,
MEXICAN VILLAGE AREA,1,,,,,,,
W. DAVISON,1,,,,,,,
PURITAN WOODINGHAM,1,,,,,,,
WARREN  - STHFLD,1,,,,,,,
PURITAN.SCHAEFER,1,,,,,,,
WARREN GRANDVILLE,1,,,,,,,
PURITAN-SOUTHFIELD FWY,1,,,,,,,
WASHINGTON BLVD,1,,,,,,,
Q,1,,,,,,,
WAYNE COUNTY DIV# 1,1,,,,,,,
RA JH E 7 GRATIOT,1,,,,,,,
WB 7MILE,1,,,,,,,
RANDOLPH,1,,,,,,,
WCJ DIV 1,1,,,,,,,
RE DTW AIRPORT,1,,,,,,,
WESTWOOD - CHALFONTE,1,,,,,,,
RECEIVING HOSPITAL,1,,,,,,,
MARLBOROUGH,1,,,,,,,
RENAISSANCE CENTER,1,,,,,,,
MACK WOODWARD,1,,,,,,,
RENAISSANCE HIGH SCHOOL,1,,,,,,,
WOODWARD - GRAND BLVD,1,,,,,,,
REX-NOVARA,1,,,,,,,
WOODWARD AVENUE,1,,,,,,,
RIVARD,1,,,,,,,
WOODWARD PETERBORO,1,,,,,,,
MEYERS,1,,,,,,,
WOODWARD-FORT,1,,,,,,,
RIVER FRONT HOTEL,1,,,,,,,
WS665 W HANCOCK,1,,,,,,,
RIVER ROUGE PARK,1,,,,,,,
ST JOHN HOSP,1,,,,,,,
LYNDON ST,1,,,,,,,
ST JOHN`S OAKLAND HOSPITAL,1,,,,,,,
RIVERPL,1,,,,,,,
ST MARY`S HOSPITAL,1,,,,,,,
RIVERSIDE PLAZA,1,,,,,,,
ST. ANTOINE,1,,,,,,,
ROBERT BRADBY DR,1,,,,,,,
STA PER DSK,1,,,,,,,
ROCK FINANCIAL BUILDING,1,,,,,,,
STANSBURY,1,,,,,,,
ROSA  PART TRANSIT,1,,,,,,,
STATE FAIR BUS TERMINAL,1,,,,,,,
ROSA PARK,1,,,,,,,
MONROE BEAUBIEN,1,,,,,,,
ROSA PARK GARDEN,1,,,,,,,
MONROE ST,1,,,,,,,
ROSA PARK TRANIS,1,,,,,,,
STHFLD - EATON,1,,,,,,,
MGM  CASINO,1,,,,,,,
STRATHMOOR,1,,,,,,,
ROSA PARK TRANSIT CENTER,1,,,,,,,
STUDENT CENTER,1,,,,,,,
ROSA PARK TRNST CTR,1,,,,,,,
TELEGRA[H/ BENNETTE,1,,,,,,,
M1 RAIL,1,,,,,,,
TEMPLE,1,,,,,,,
MGM CASINO GARAGE,1,,,,,,,
THIS IS A TEST,1,,,,,,,
MGM GRAND,1,,,,,,,
TIREMAN - MANSFIELD,1,,,,,,,
MANSFIELD ST,1,,,,,,,
TRAINING CENTER,1,,,,,,,
ROSA PARKS W WARREN AVE,1,,,,,,,
TROWBRIDGE,1,,,,,,,
ROSA PARKS. W WARREN,1,,,,,,,
TROY PD,1,,,,,,,
ROSSINI-HOYT,1,,,,,,,
UDAA DPS UNMARKED VEHICLE,1,,,,,,,
MGM PARKING LOT EAST,1,,,,,,,
UNK ST,1,,,,,,,
ROUGE POLICE DEP,1,,,,,,,
MONTROSE,1,,,,,,,
MGM PARKING STRUCTURE,1,,,,,,,
VAN DYKE ST,1,,,,,,,
MICHIGAN,1,,,,,,,
VANDYKE - HARPER,1,,,,,,,
RUSSELL  FERRY,1,,,,,,,
VASSAR.SCHAEFER,1,,,,,,,
RUSSELL - FERRY,1,,,,,,,
VICTORIA PARK,1,,,,,,,
RUSSELL \ E.FERRY,1,,,,,,,
W 7 - SHAFTBURY,1,,,,,,,
MACK ALTER SQUARE,1,,,,,,,
W 7MIHEYDEN ST,1,,,,,,,
RUSSELL FERRY MOG,1,,,,,,,
MOTOR CCITY CASINO,1,,,,,,,
RUSSELL FERRY REFUELING,1,,,,,,,
MARGERETA - OAKFIELD,1,,,,,,,
RUSSELL FERRYST`,1,,,,,,,
"W EUCLID ST, W PHILDEPHIA SST",1,,,,,,,
MICHIGAN 19TH ST,1,,,,,,,
W FORT ST W GRAND BLVD,1,,,,,,,
XC,1,,,,,,,
W GRAND BLVD,1,,,,,,,
LYDIA AVE,1,,,,,,,
W GRD BLVD   LINWOOD,1,,,,,,,
S I 75 TO W I 96 RAMP,1,,,,,,,
W I 94 218,1,,,,,,,
WYOMING JEFFRIES FWY,1,,,,,,,
W I 96 - SOUTHFIELD,1,,,,,,,
WYOMING ST,1,,,,,,,
W MCNICHOLS.HARTWELL,1,,,,,,,
MICHIGAN AVE,1,,,,,,,
W OUTER DR TO W I 96,1,,,,,,,
SANDBOX,1,,,,,,,
W OUTER DRKENDALL ST,1,,,,,,,
SANTA CLARA BENTLER ST,1,,,,,,,
MOTOR CITY CASINO 2ND LEVEL PARKING GARAGE,1,,,,,,,
SB LODGE,1,,,,,,,
W. DAV,1,,,,,,,
SB SOUTHFIELD,1,,,,,,,
W.WARREN,1,,,,,,,
SB VAN DYKE,1,,,,,,,
MOTOR CITY HOTEL,1,,,,,,,
SCHAEFER HWY,1,,,,,,,
WARREN - BRACE,1,,,,,,,
SCHAFER,1,,,,,,,
WARREN - STHFLD,1,,,,,,,
SCHAFER DRUGS,1,,,,,,,
WARREN PD,1,,,,,,,
SCHOLCRAFT  WESTWOOD,1,,,,,,,
WARRENCONNER,1,,,,,,,
SCHOOLCRAFT EVERGREEN,1,,,,,,,
WASINGTON. MICHIGAN,1,,,,,,,
SCOTCH CASTLE LIQUR,1,,,,,,,
WAYNE COUNTY,1,,,,,,,
SCT REQ PL PPR,1,,,,,,,
MOTOR CITY PARKING STRUCTURE,1,,,,,,,
SECOND-FOREST,1,,,,,,,
WB,1,,,,,,,
SHELBY,1,,,,,,,
WB GRAND RIVER,1,,,,,,,
SHO20501 STOUT,1,,,,,,,
WB ON GRAND RIVER,1,,,,,,,
SHOE MAKER BUS TERMINAL,1,,,,,,,
MOTORCITY CAS,1,,,,,,,
MICHIGAN AVE - LAFAYETTE,1,,,,,,,
MARKET AREA,1,,,,,,,
MICHIGAN AVE`,1,,,,,,,
WOODARD DETAIL,1,,,,,,,
SINAI,1,,,,,,,
MACK AVE,1,,,,,,,
SINAI GRACE,1,,,,,,,
WOODBRMIRCLES  ST,1,,,,,,,
MARATON,1,,,,,,,
WOODLAND,1,,,,,,,
MICHIGAN- TRUMBULL ST,1,,,,,,,
MARTIN LUTHER KING,1,,,,,,,
SJH,1,,,,,,,
WOODWARD - FOREST,1,,,,,,,
SKATELAND,1,,,,,,,
WOODWARD - GRAND RIVER,1,,,,,,,
MICHIGAN WABASH,1,,,,,,,
MT ELLIOTT,1,,,,,,,
MICHIGAN-HARRISON ST,1,,,,,,,
MUMFORD HIGH SCHOOL,1,,,,,,,
MARGARETA,1,,,,,,,
MACK-MT ELLIOTT,1,,,,,,,
SOUTHFIELD PD,1,,,,,,,
WOODWARD PIQUETTE ST,1,,,,,,,
SOUTHFIELD POLICE DEPARTMENT,1,,,,,,,
WOODWARD STATE,1,,,,,,,
SOUTHFIELD PUMPS,1,,,,,,,
WOOODWARD,1,,,,,,,
MICHIGAN-WABASH,1,,,,,,,
WS,1,,,,,,,
SOUTHFLD - WARREN,1,,,,,,,
MC NICOLHS OAKMAN BLVD,1,,,,,,,
SPRING GARDEN ST,1,,,,,,,
ST CYRIL,1,,,,,,,
X,1,,,,,,,
SAINT ANTOINE ST,1,,,,,,,
SAMARITAN HOSP,1,,,,,,,
RYANANDMCNICHOLS,1,,,,,,,
S GRANDRIVER,1,,,,,,,
CAMBRIDGE,1,,,,,,,
GRAND RIVER AVE ROSA PARKS,1,,,,,,,
FENKELL,1,,,,,,,
CANIFF TO N I 75,1,,,,,,,
GRNFLD- CURTIS,1,,,,,,,
CAR WASH,1,,,,,,,
LINWOOD - STANLEY,1,,,,,,,
%MOFFAT%  DETROIT,1,,,,,,,
FUEL,1,,,,,,,
CASS AVE,1,,,,,,,
GRATIOT-TOWNSEND,1,,,,,,,
CASS CORRIDOR,1,,,,,,,
HENRY FORD,1,,,,,,,
CASS-HENRY,1,,,,,,,
KING HS,1,,,,,,,
CATHEDRAL EVERGREEN,1,,,,,,,
FAIRCREST-CELESTINE,1,,,,,,,
CBPD,1,,,,,,,
FIELDG - SANTA CLARA,1,,,,,,,
CHALFONTE GREENFIELD RD,1,,,,,,,
GOULBURN,1,,,,,,,
CHALMERS 200 BLK,1,,,,,,,
AD===,1,,,,,,,
CHANDLER PARK,1,,,,,,,
%GRATIOT%  DETROIT,1,,,,,,,
CHANDLER PARK DR MARSEILLES,1,,,,,,,
HARPER AVE,1,,,,,,,
CHANDLER PARK MOG,1,,,,,,,
HOUSTON WHITTIER,1,,,,,,,
CHAPEL - ORCAHRD,1,,,,,,,
JOH,1,,,,,,,
CHAPELCARELLA,1,,,,,,,
LAW COMPLEX,1,,,,,,,
CHARLESTON,1,,,,,,,
EVERGREEN - CAPITOL,1,,,,,,,
CHENE,1,,,,,,,
BREWSTER HOMES,1,,,,,,,
CHENE LAFAYETTE,1,,,,,,,
FERNDALE,1,,,,,,,
CHENE ST AUBIN,1,,,,,,,
FOREST AVE,1,,,,,,,
CHICAGO - FITZPATRICK,1,,,,,,,
GENE`S,1,,,,,,,
CHICAGO - WESTPARKWAY,1,,,,,,,
GRACE HOSPITAL,1,,,,,,,
AMBASSDOR BRIDGE,1,,,,,,,
GRAND RIVER W GRQND BLVD,1,,,,,,,
CHOPIN,1,,,,,,,
GRATIOT-E 8MILE,1,,,,,,,
CHRYSLER  SER DR   JEFFERSON,1,,,,,,,
GREEKTOWN CASINO PARKNG,1,,,,,,,
CITY AIRPORT,1,,,,,,,
GREENVIEW,1,,,,,,,
CITY COUNTY BLDG,1,,,,,,,
CAD SQ  WOODWARD,1,,,,,,,
"AMC 20 MOVIE THEATRE LIVONIA,MI",1,,,,,,,
HART PLAZA,1,,,,,,,
CLARITA ST WESTWOOD,1,,,,,,,
HERITAGE PL,1,,,,,,,
CLIFFORD,1,,,,,,,
HUBBELL.TYLER,1,,,,,,,
CMPWARE BUILDING,1,,,,,,,
INGHAM COUNTY JAIL,1,,,,,,,
ANIMAL CONTROL,1,,,,,,,
JOY - ABINGTON,1,,,,,,,
COBO ROOF,1,,,,,,,
LANE LAWNDALE,1,,,,,,,
CONANT,1,,,,,,,
LINCOLN PARK PD,1,,,,,,,
CONANT E 6 MILE,1,,,,,,,
LIVERNOIS E FISHER FWY,1,,,,,,,
CONCORD - STRONG,1,,,,,,,
EVERGREEN RD JEFFRIES,1,,,,,,,
ANN ARBOR MI,1,,,,,,,
AD,1,,,,,,,
CONNER I - 94,1,,,,,,,
FARMER - MONROE,1,,,,,,,
CONSTANCE - WARWICK,1,,,,,,,
FENKELL  LASHER,1,,,,,,,
CONSTANCE AVEAND WESTWOOD,1,,,,,,,
BUENA VISTA,1,,,,,,,
COURT,1,,,,,,,
FMHJ,1,,,,,,,
COVINGTON HOUSE,1,,,,,,,
BURNS,1,,,,,,,
CRANE,1,,,,,,,
GAINSBOROUGH RD,1,,,,,,,
CULTERAL CENTER,1,,,,,,,
GILRBERT TERMINAL,1,,,,,,,
%SCHAEFER%  DETROIT,1,,,,,,,
GR RVR - WINTHROP,1,,,,,,,
CULTURAL CTR,1,,,,,,,
BURT - GR RVR,1,,,,,,,
ANTIETAM,1,,,,,,,
GRAND RIVER MCGRAW,1,,,,,,,
CURTIS.PENNINGTON,1,,,,,,,
BURT RD LYNDON,1,,,,,,,
CYPRESS,1,,,,,,,
GRATIOT HAZELRIDGE,1,,,,,,,
D,1,,,,,,,
GRATIOT-KILBOURNE,1,,,,,,,
DAVISON,1,,,,,,,
"GREAT FAITH MINISTRIES INTERNATIONAL, GRAND RIVER AVE",1,,,,,,,
DAVISON  YARD,1,,,,,,,
GREEN ST,1,,,,,,,
DAVISON TO I 75,1,,,,,,,
GREENFLD -,1,,,,,,,
DAVISON XWAY TO I 75,1,,,,,,,
GRISWOLD - LARNED,1,,,,,,,
AR,1,,,,,,,
GROSSE POINTE CITY PD,1,,,,,,,
DAVSION,1,,,,,,,
HARBOR TOWN STRIP MALL,1,,,,,,,
AR2613 HARDING ST,1,,,,,,,
HARPER WHITTIER,1,,,,,,,
DDC PARKING LOT,1,,,,,,,
CADIEUX TO E I 94 RAMP,1,,,,,,,
DDOT WARREN,1,,,,,,,
HENRY FORD HARBORTOWN,1,,,,,,,
DE,1,,,,,,,
HOLBROOK ST BRUSH,1,,,,,,,
ARCHDALE ST,1,,,,,,,
HUBBELL.PICKFORD,1,,,,,,,
DEBY HIGH SCHOOL,1,,,,,,,
HUMANE SOCIETY,1,,,,,,,
DEQUINDRE,1,,,,,,,
INDIAN VILLAGE MARKET,1,,,,,,,
DEQUINDRE  CUT,1,,,,,,,
JOE LOUIS,1,,,,,,,
DERABORN PD,1,,,,,,,
JOHN R - FOREST,1,,,,,,,
AS,1,,,,,,,
JOY- LONGACRE,1,,,,,,,
DETROIT BOAT CLUB,1,,,,,,,
LAFAYETTE ORLEANS ST,1,,,,,,,
DETROIT DENTENTION CENTER,1,,,,,,,
LAPPIN,1,,,,,,,
ASBURY PARK,1,,,,,,,
AMBASS BRIDGE,1,,,,,,,
DETROIT DETENTION CENTER PARKING LOT,1,,,,,,,
LINWOOD,1,,,,,,,
DETROIT DETENTION CTR,1,,,,,,,
CAMPUS MARTIUS PARK,1,,,,,,,
DETROIT METRO AIRPORT,1,,,,,,,
EVERGREEN - 96 RAMP,1,,,,,,,
ASHTON - PLYMOUTH,1,,,,,,,
EVERGREEN RD,1,,,,,,,
AT 15050 WHITTIER,1,,,,,,,
EWALD CIRCLE LIVERNOIS,1,,,,,,,
#11 DESK,1,,,,,,,
BOSTON,1,,,,,,,
#43 N 75,1,,,,,,,
FAIRLANE TOWNCENTER,1,,,,,,,
DETROIT ROLLER WHEELS,1,,,,,,,
FAIRVIEW,1,,,,,,,
+2697 W GRAND,1,,,,,,,
FAUST,1,,,,,,,
DICKERSON,1,,,,,,,
FENKELL - LAHSER,1,,,,,,,
DIVISION 1,1,,,,,,,
FENMORE 7 MILE,1,,,,,,,
-5150 JOHN LODGE,1,,,,,,,
FERNDALE PD,1,,,,,,,
DOWN TOWN SERVICES,1,,,,,,,
FIELDG - GLENCO,1,,,,,,,
DOWNTOWN AREA,1,,,,,,,
FISHER - VERNOR,1,,,,,,,
DPS SCHOOLS,1,,,,,,,
FORD FIELD,1,,,,,,,
DREW MIDDLE SCHOOL,1,,,,,,,
FORT,1,,,,,,,
DREXEL STANFORD,1,,,,,,,
FORT ST MCDONALDS,1,,,,,,,
%12691 METTETAL%  DETROIT,1,,,,,,,
GABLE-E 7MILE,1,,,,,,,
DRH CRISIS CENTER,1,,,,,,,
GDU,1,,,,,,,
DT SERVICES,1,,,,,,,
GILBERT TRANS,1,,,,,,,
BEAUMONT HOSPITAL - ROYAL OAK,1,,,,,,,
GLASTONBURY,1,,,,,,,
E,1,,,,,,,
GR RVR - SHIAWASSE,1,,,,,,,
E 7 MILE,1,,,,,,,
BURT - CAPITOL,1,,,,,,,
E 7MILE-HOOVER,1,,,,,,,
GRAND BLVD - WARREN,1,,,,,,,
E 7MILE-MADDELEIN,1,,,,,,,
GRAND RIVER AVE,1,,,,,,,
E 8 MILE,1,,,,,,,
GRAND RIVER LIVERNOIS,1,,,,,,,
E 8 MILE (SECONDARY EMP.)  PERSONAL,1,,,,,,,
GRAND RIVER TO S 17 RAMP,1,,,,,,,
E 8MILE,1,,,,,,,
GRANDMONT - DAVISON,1,,,,,,,
E 8MILE-DEQUINDRE,1,,,,,,,
GRANDVILLE - 8MILE,1,,,,,,,
E CANFIELD,1,,,,,,,
GRATIOT AVE,1,,,,,,,
E DAVISON TO I 75,1,,,,,,,
GRATIOT HELEN,1,,,,,,,
E I 96 TO GREENFIELD RAMP,1,,,,,,,
GRATIOT-GLENFIELD,1,,,,,,,
%E MCNICHOLS%  DETROIT,1,,,,,,,
GRATIOT-KNODELL,1,,,,,,,
E JEFFERSON PHILLIP,1,,,,,,,
GRATIOT-WILFRED,1,,,,,,,
E JEFFERSON-MT.ELLIOTT,1,,,,,,,
C A,1,,,,,,,
E LAFAYETTE,1,,,,,,,
GREEKTOWN HOTEL,1,,,,,,,
E LAFEYETTE,1,,,,,,,
C NAR,1,,,,,,,
E MCNBICHOLS BRUSH,1,,,,,,,
GREENFIELD ST,1,,,,,,,
E MCNICHOLS-JOANN,1,,,,,,,
GREENLAWN ST,1,,,,,,,
E STATE FAIR,1,,,,,,,
GRISWOLD - FORT,1,,,,,,,
E STATE FAIR ST,1,,,,,,,
GRNFLD - 6 MILE,1,,,,,,,
E WARREN,1,,,,,,,
GRNFLD-6MILE,1,,,,,,,
LIVERNOISNB LODGE,1,,,,,,,
GROSSE POINTE WOODS PD,1,,,,,,,
LIVONIA POLICE DEPARTMENT,1,,,,,,,
HAMTRAMCK POLICE DEPARTMENT,1,,,,,,,
LOTHROP-W GRAND BLVD,1,,,,,,,
HARBORTOWN,1,,,,,,,
E WARREN ST,1,,,,,,,
AF,1,,,,,,,
E. 7 MILE,1,,,,,,,
HARPER WOODS PD,1,,,,,,,
E. JEFFERSON NEAR CONNER,1,,,,,,,
HAVERHILL,1,,,,,,,
E. MCNICHOLS RD,1,,,,,,,
HEADQUARTERS,1,,,,,,,
E. STATE FAIR NEAR REX,1,,,,,,,
HENRY FORD FAIRLANE ER,1,,,,,,,
EAST JEFFERSON PLAZA,1,,,,,,,
CADILLAC SQ,1,,,,,,,
EASTBURN,1,,,,,,,
HITLON GARDEN CAFE,1,,,,,,,
BEL AIR,1,,,,,,,
HOUSE OF PRAISE,1,,,,,,,
BELLE ISLE,1,,,,,,,
HOUSTON WHITTIER AVEHARPER,1,,,,,,,
EASTERN MKT,1,,,,,,,
HUBBELL.THATCHER,1,,,,,,,
BELLE ISLE CASINO,1,,,,,,,
HUMAN SOCIETY,1,,,,,,,
EASTLAND MALL,1,,,,,,,
I-75 FREEWAY WEST OF TRUMBULL OVERPASS,1,,,,,,,
EASTLAND MOTEL,1,,,,,,,
ALUMNI HOUSE,1,,,,,,,
EB 7 MILE,1,,,,,,,
INDIANA ST,1,,,,,,,
EB 8 MILE,1,,,,,,,
INKSTER MI,1,,,,,,,
EB MICHIGAN AVE,1,,,,,,,
CAMPUS MALL,1,,,,,,,
EB ON 8 MILE,1,,,,,,,
JOHN C LODGE FWY - GRAND BLVD,1,,,,,,,
EDSEL FORD FWY-75,1,,,,,,,
JOY -  ASHTON,1,,,,,,,
EINSTEIN BAGEL,1,,,,,,,
JOY GREENFIELD,1,,,,,,,
ELIJAH MCCOY DR,1,,,,,,,
KENTUCKY,1,,,,,,,
ELISA HOWELL PARK,1,,,,,,,
CAMPUS MARCIUS,1,,,,,,,
ELISA PARK,1,,,,,,,
LAKEWOOD PARK,1,,,,,,,
BELMONT SHOPPING CENTER,1,,,,,,,
LAPEER COUNTY,1,,,,,,,
ELIZA HOWELL PK,1,,,,,,,
LARNED - CONGRESS,1,,,,,,,
BENTLER - 7(SOUTH OF),1,,,,,,,
LAWNDALE,1,,,,,,,
ELMDALE WHITEHILL ST,1,,,,,,,
LAYFETTE ORLEANS,1,,,,,,,
ELMDALE-HAYES,1,,,,,,,
LINDSAY,1,,,,,,,
ENGLEWOOD ST  WOODWARD,1,,,,,,,
LINWOOD - HOOKER,1,,,,,,,
ENROUTE TO DRH,1,,,,,,,
LINWOOD ST - CORTLAND ST,1,,,,,,,
EPWORTH,1,,,,,,,
"LIVERNOIS AVE, FLOYD ST",1,,,,,,,
ETHEL ST,1,,,,,,,
CAN,1,,,,,,,
BLAINE  WOODWARD,1,,,,,,,
E WARREN AVE  CONNER,1,,,,,,,
LODGE - 7(IN DITCH),1,,,,,,,
E WARREN AVE CADILLAC,1,,,,,,,
DEC,1,,,,,,,
E WARREN AVE EUGENE,1,,,,,,,
(blank),,,,,,,,
